erreur entraînement,erreur test
0.6655112651646446,0.6519189765458422
