k,erreur entraînement,erreur test
17,0.2239701373150247,0.21321961620469088
