epochs,perte finale,erreur entraînement,erreur test
500,0.7821741104125977,0.22516997733635513,0.21908315565031988
