epochs,perte finale,erreur entraînement,erreur test
500,0.7242709994316101,0.2266364484735368,0.21321961620469088
