epochs,perte finale,erreur entraînement,erreur test
500,0.690807580947876,0.2249033462205039,0.2201492537313433
