epochs,perte finale,erreur entraînement,erreur test
500,0.002668130910024047,0.0038661511798426806,0.11620469083155649
