C,gamma,erreur entraînement,erreur test
100.0,5,0.004799360085322002,0.17164179104477617
