C,gamma,erreur entraînement,erreur test
100000.0,0.004075005244785541,0.07319024130115981,0.09648187633262262
